-- MySQL Script generated by MySQL Workbench
-- 02/17/16 15:38:15
-- Model: New Model    Version: 1.0
-- MySQL Workbench Forward Engineering

SET @OLD_UNIQUE_CHECKS=@@UNIQUE_CHECKS, UNIQUE_CHECKS=0;
SET @OLD_FOREIGN_KEY_CHECKS=@@FOREIGN_KEY_CHECKS, FOREIGN_KEY_CHECKS=0;
SET @OLD_SQL_MODE=@@SQL_MODE, SQL_MODE='TRADITIONAL,ALLOW_INVALID_DATES';

-- -----------------------------------------------------
-- Schema wjd13
-- -----------------------------------------------------
DROP SCHEMA IF EXISTS `wjd13` ;

-- -----------------------------------------------------
-- Schema wjd13
-- -----------------------------------------------------
CREATE SCHEMA IF NOT EXISTS `wjd13` DEFAULT CHARACTER SET utf8 COLLATE utf8_general_ci ;
SHOW WARNINGS;
USE `wjd13` ;

-- -----------------------------------------------------
-- Table `wjd13`.`petstore`
-- -----------------------------------------------------
DROP TABLE IF EXISTS `wjd13`.`petstore` ;

SHOW WARNINGS;
CREATE TABLE IF NOT EXISTS `wjd13`.`petstore` (
  `pst_id` SMALLINT UNSIGNED NOT NULL COMMENT '',
  `pst_name` VARCHAR(30) NOT NULL COMMENT '',
  `pst_street` VARCHAR(30) NOT NULL COMMENT '',
  `pst_city` VARCHAR(30) NOT NULL COMMENT '',
  `pst_state` CHAR(2) NOT NULL COMMENT '',
  `pst_zip` INT(9) UNSIGNED NOT NULL COMMENT '',
  `pst_phone` BIGINT UNSIGNED NOT NULL COMMENT '',
  `pst_email` VARCHAR(100) NOT NULL COMMENT '',
  `pst_url` VARCHAR(100) NOT NULL COMMENT '',
  `pst_ytd_sales` DECIMAL(10,2) UNSIGNED NOT NULL COMMENT '',
  `pst_notes` VARCHAR(225) NULL COMMENT '',
  PRIMARY KEY (`pst_id`)  COMMENT '')
ENGINE = InnoDB;

SHOW WARNINGS;

-- -----------------------------------------------------
-- Table `wjd13`.`customer`
-- -----------------------------------------------------
DROP TABLE IF EXISTS `wjd13`.`customer` ;

SHOW WARNINGS;
CREATE TABLE IF NOT EXISTS `wjd13`.`customer` (
  `cus_id` SMALLINT UNSIGNED NOT NULL COMMENT '',
  `cus_fname` VARCHAR(15) NOT NULL COMMENT '',
  `cus_lname` VARCHAR(30) NOT NULL COMMENT '',
  `cus_street` VARCHAR(30) NOT NULL COMMENT '',
  `cus_city` VARCHAR(30) NOT NULL COMMENT '',
  `cus_state` CHAR(2) NOT NULL COMMENT '',
  `cus_zip` INT UNSIGNED NOT NULL COMMENT '',
  `cus_phone` BIGINT UNSIGNED NOT NULL COMMENT '',
  `cus_email` VARCHAR(100) NOT NULL COMMENT '',
  `cus_balance` DECIMAL(6,2) UNSIGNED NOT NULL COMMENT '',
  `cus_total_sales` DECIMAL(6,2) UNSIGNED NOT NULL COMMENT '',
  `cus_notes` VARCHAR(255) NULL COMMENT '',
  PRIMARY KEY (`cus_id`)  COMMENT '')
ENGINE = InnoDB;

SHOW WARNINGS;

-- -----------------------------------------------------
-- Table `wjd13`.`pet`
-- -----------------------------------------------------
DROP TABLE IF EXISTS `wjd13`.`pet` ;

SHOW WARNINGS;
CREATE TABLE IF NOT EXISTS `wjd13`.`pet` (
  `pet_id` SMALLINT UNSIGNED NOT NULL COMMENT '',
  `pst_id` SMALLINT UNSIGNED NOT NULL COMMENT '',
  `cus_id` SMALLINT UNSIGNED NOT NULL COMMENT '',
  `pet_type` VARCHAR(45) NOT NULL COMMENT '',
  `pet_sex` ENUM('m', 'f') NOT NULL COMMENT '',
  `pet_cost` DECIMAL(6,2) UNSIGNED NOT NULL COMMENT '',
  `pet_price` DECIMAL(6,2) UNSIGNED NOT NULL COMMENT '',
  `pet_age` TINYINT UNSIGNED NOT NULL COMMENT '',
  `pet_color` VARCHAR(30) NOT NULL COMMENT '',
  `pet_sale_date` DATE NOT NULL COMMENT '',
  `pet_vaccine` ENUM('y', 'n') NOT NULL COMMENT '',
  `pet_neuter` ENUM('y', 'n') NOT NULL COMMENT '',
  `pet_notes` VARCHAR(225) NULL COMMENT '',
  PRIMARY KEY (`pet_id`)  COMMENT '',
  INDEX `fk_pet_customer1_idx` (`cus_id` ASC)  COMMENT '',
  INDEX `fk_pet_petstore1_idx` (`pst_id` ASC)  COMMENT '',
  CONSTRAINT `fk_pet_customer1`
    FOREIGN KEY (`cus_id`)
    REFERENCES `wjd13`.`customer` (`cus_id`)
    ON DELETE NO ACTION
    ON UPDATE NO ACTION,
  CONSTRAINT `fk_pet_petstore1`
    FOREIGN KEY (`pst_id`)
    REFERENCES `wjd13`.`petstore` (`pst_id`)
    ON DELETE NO ACTION
    ON UPDATE NO ACTION)
ENGINE = InnoDB;

SHOW WARNINGS;

SET SQL_MODE=@OLD_SQL_MODE;
SET FOREIGN_KEY_CHECKS=@OLD_FOREIGN_KEY_CHECKS;
SET UNIQUE_CHECKS=@OLD_UNIQUE_CHECKS;

-- -----------------------------------------------------
-- Data for table `wjd13`.`petstore`
-- -----------------------------------------------------
START TRANSACTION;
USE `wjd13`;
INSERT INTO `wjd13`.`petstore` (`pst_id`, `pst_name`, `pst_street`, `pst_city`, `pst_state`, `pst_zip`, `pst_phone`, `pst_email`, `pst_url`, `pst_ytd_sales`, `pst_notes`) VALUES (1, ' Pet\'s R Us', '1st ave', 'Tampa', 'FL', 33610, 1234567890, 'pety@ymail.com', 'petpot.com', 5000.00, NULL);
INSERT INTO `wjd13`.`petstore` (`pst_id`, `pst_name`, `pst_street`, `pst_city`, `pst_state`, `pst_zip`, `pst_phone`, `pst_email`, `pst_url`, `pst_ytd_sales`, `pst_notes`) VALUES (2, 'Pet Palace', '2nd street', 'Jacksonville', 'FL', 32208, 3239558359, 'petsss@gmail.com', 'petpam.com', 4000.00, NULL);
INSERT INTO `wjd13`.`petstore` (`pst_id`, `pst_name`, `pst_street`, `pst_city`, `pst_state`, `pst_zip`, `pst_phone`, `pst_email`, `pst_url`, `pst_ytd_sales`, `pst_notes`) VALUES (3, 'Fun Pet', '3rd pkwy', 'Atlanta', 'GA', 12321, 5742002453, 'petty@gmail.com', 'petfun.com', 3000.00, NULL);
INSERT INTO `wjd13`.`petstore` (`pst_id`, `pst_name`, `pst_street`, `pst_city`, `pst_state`, `pst_zip`, `pst_phone`, `pst_email`, `pst_url`, `pst_ytd_sales`, `pst_notes`) VALUES (4, 'Pet Place', '123 street', 'Tallahassee', 'FL', 32304, 8492458642, 'sgoids@gmail.com', 'gopet.com', 2000.00, NULL);
INSERT INTO `wjd13`.`petstore` (`pst_id`, `pst_name`, `pst_street`, `pst_city`, `pst_state`, `pst_zip`, `pst_phone`, `pst_email`, `pst_url`, `pst_ytd_sales`, `pst_notes`) VALUES (5, 'New Pet Place', '234 street', 'Tampa', 'FL', 33510, 4565796707, 'rugerp@gmail.com', 'pet4.com', 1500.00, NULL);
INSERT INTO `wjd13`.`petstore` (`pst_id`, `pst_name`, `pst_street`, `pst_city`, `pst_state`, `pst_zip`, `pst_phone`, `pst_email`, `pst_url`, `pst_ytd_sales`, `pst_notes`) VALUES (6, 'Happy Pet', '345 road', 'Jacksonville', 'FL', 33451, 0852385293, 'upet@gmail.com', 'petso.com', 4000.00, NULL);
INSERT INTO `wjd13`.`petstore` (`pst_id`, `pst_name`, `pst_street`, `pst_city`, `pst_state`, `pst_zip`, `pst_phone`, `pst_email`, `pst_url`, `pst_ytd_sales`, `pst_notes`) VALUES (7, 'Go Pet', '7th causeway', 'Atlanta', 'GA', 52323, 3503284270, 'heypett@gmail.com', 'pet.net', 3000.00, NULL);
INSERT INTO `wjd13`.`petstore` (`pst_id`, `pst_name`, `pst_street`, `pst_city`, `pst_state`, `pst_zip`, `pst_phone`, `pst_email`, `pst_url`, `pst_ytd_sales`, `pst_notes`) VALUES (8, 'Pet For U', '80th street', 'Orlando', 'FL', 12355, 5503483240, 'topet@gmail.com', 'petco.com', 2000.00, NULL);
INSERT INTO `wjd13`.`petstore` (`pst_id`, `pst_name`, `pst_street`, `pst_city`, `pst_state`, `pst_zip`, `pst_phone`, `pst_email`, `pst_url`, `pst_ytd_sales`, `pst_notes`) VALUES (9, 'We Have Pets', '99 avenue', 'Tampa', 'FL', 14244, 0528593473, 'yourpet@gmail.com', 'petyes.com', 1000.00, NULL);
INSERT INTO `wjd13`.`petstore` (`pst_id`, `pst_name`, `pst_street`, `pst_city`, `pst_state`, `pst_zip`, `pst_phone`, `pst_email`, `pst_url`, `pst_ytd_sales`, `pst_notes`) VALUES (10, 'Furry Pet Pal', '101 street', 'Tallahassee', 'FL', 32305, 2539504268, 'ytoo@gmail.com', 'gopent.com', 1500.00, NULL);

COMMIT;


-- -----------------------------------------------------
-- Data for table `wjd13`.`customer`
-- -----------------------------------------------------
START TRANSACTION;
USE `wjd13`;
INSERT INTO `wjd13`.`customer` (`cus_id`, `cus_fname`, `cus_lname`, `cus_street`, `cus_city`, `cus_state`, `cus_zip`, `cus_phone`, `cus_email`, `cus_balance`, `cus_total_sales`, `cus_notes`) VALUES (1, 'Wyatt', 'Dell', '123 avenue', 'Tampa', 'FL', 33510, 0987654321, 'wd@funmail.com', 15.00, 150.00, NULL);
INSERT INTO `wjd13`.`customer` (`cus_id`, `cus_fname`, `cus_lname`, `cus_street`, `cus_city`, `cus_state`, `cus_zip`, `cus_phone`, `cus_email`, `cus_balance`, `cus_total_sales`, `cus_notes`) VALUES (2, 'Corey', 'Johnson', '22 street', 'Orlando', 'FL', 32339, 2353054356, 'kd@ail.com', 17.00, 170.00, NULL);
INSERT INTO `wjd13`.`customer` (`cus_id`, `cus_fname`, `cus_lname`, `cus_street`, `cus_city`, `cus_state`, `cus_zip`, `cus_phone`, `cus_email`, `cus_balance`, `cus_total_sales`, `cus_notes`) VALUES (3, 'James', 'Roosevelt', '34th road', 'Tallahassee', 'FL', 44352, 0486345922, 'zzyo@gmail.com', 20.00, 200.00, NULL);
INSERT INTO `wjd13`.`customer` (`cus_id`, `cus_fname`, `cus_lname`, `cus_street`, `cus_city`, `cus_state`, `cus_zip`, `cus_phone`, `cus_email`, `cus_balance`, `cus_total_sales`, `cus_notes`) VALUES (4, 'Kelly', 'Dory', '42 street', 'Jacksonville', 'FL', 43425, 8643830592, 'kdory@gmail.com', 40.00, 400.00, NULL);
INSERT INTO `wjd13`.`customer` (`cus_id`, `cus_fname`, `cus_lname`, `cus_street`, `cus_city`, `cus_state`, `cus_zip`, `cus_phone`, `cus_email`, `cus_balance`, `cus_total_sales`, `cus_notes`) VALUES (5, 'Zoy', 'Hunter', '5th pkwy', 'Tampa', 'FL', 23334, 8654934235, 'vhunt@gmail.com', 30.00, 300.00, NULL);
INSERT INTO `wjd13`.`customer` (`cus_id`, `cus_fname`, `cus_lname`, `cus_street`, `cus_city`, `cus_state`, `cus_zip`, `cus_phone`, `cus_email`, `cus_balance`, `cus_total_sales`, `cus_notes`) VALUES (6, 'Virginia', 'Hall', '66 w road', 'Orlando', 'FL', 10939, 6331244639, 'thall@gmail.com', 10.00, 100.00, NULL);
INSERT INTO `wjd13`.`customer` (`cus_id`, `cus_fname`, `cus_lname`, `cus_street`, `cus_city`, `cus_state`, `cus_zip`, `cus_phone`, `cus_email`, `cus_balance`, `cus_total_sales`, `cus_notes`) VALUES (7, 'Geneva', 'Murphy', '789 street', 'Tallahassee', 'FL', 14356, 0282642960, 'gmurphy@gmail.com', 15.00, 150.00, NULL);
INSERT INTO `wjd13`.`customer` (`cus_id`, `cus_fname`, `cus_lname`, `cus_street`, `cus_city`, `cus_state`, `cus_zip`, `cus_phone`, `cus_email`, `cus_balance`, `cus_total_sales`, `cus_notes`) VALUES (8, 'Vince', 'Sibley', '89 ave', 'Jacksonville', 'FL', 84934, 1254052350, 'vsib@yahoo.com', 22.00, 220.00, NULL);
INSERT INTO `wjd13`.`customer` (`cus_id`, `cus_fname`, `cus_lname`, `cus_street`, `cus_city`, `cus_state`, `cus_zip`, `cus_phone`, `cus_email`, `cus_balance`, `cus_total_sales`, `cus_notes`) VALUES (9, 'Donald', 'Trump', '90th street', 'Atlanta', 'GA', 24345, 0495346823, 'dtrump@ymail.com', 45.00, 450.00, NULL);
INSERT INTO `wjd13`.`customer` (`cus_id`, `cus_fname`, `cus_lname`, `cus_street`, `cus_city`, `cus_state`, `cus_zip`, `cus_phone`, `cus_email`, `cus_balance`, `cus_total_sales`, `cus_notes`) VALUES (10, 'Mark', 'Jowett', '101 n avenue', 'Tampa', 'FL', 99533, 4766459341, 'mjowett@fsu.edu', 10.00, 101.00, NULL);

COMMIT;


-- -----------------------------------------------------
-- Data for table `wjd13`.`pet`
-- -----------------------------------------------------
START TRANSACTION;
USE `wjd13`;
INSERT INTO `wjd13`.`pet` (`pet_id`, `pst_id`, `cus_id`, `pet_type`, `pet_sex`, `pet_cost`, `pet_price`, `pet_age`, `pet_color`, `pet_sale_date`, `pet_vaccine`, `pet_neuter`, `pet_notes`) VALUES (1, 1, 1, 'dog', 'm', 500.00, 550.00, 3, 'black', '2016-04-05', 'y', 'n', NULL);
INSERT INTO `wjd13`.`pet` (`pet_id`, `pst_id`, `cus_id`, `pet_type`, `pet_sex`, `pet_cost`, `pet_price`, `pet_age`, `pet_color`, `pet_sale_date`, `pet_vaccine`, `pet_neuter`, `pet_notes`) VALUES (2, 2, 2, 'rabbit', 'm', 400.00, 450.00, 2, 'white', '2011-05-11', 'y', 'y', NULL);
INSERT INTO `wjd13`.`pet` (`pet_id`, `pst_id`, `cus_id`, `pet_type`, `pet_sex`, `pet_cost`, `pet_price`, `pet_age`, `pet_color`, `pet_sale_date`, `pet_vaccine`, `pet_neuter`, `pet_notes`) VALUES (3, 3, 3, 'dog', 'f', 300.00, 350.00, 3, 'brown', '2010-04-10', 'n', 'y', NULL);
INSERT INTO `wjd13`.`pet` (`pet_id`, `pst_id`, `cus_id`, `pet_type`, `pet_sex`, `pet_cost`, `pet_price`, `pet_age`, `pet_color`, `pet_sale_date`, `pet_vaccine`, `pet_neuter`, `pet_notes`) VALUES (4, 4, 4, 'fish', 'm', 200.00, 250.00, 1, 'orange', '2005-07-03', 'n', 'n', NULL);
INSERT INTO `wjd13`.`pet` (`pet_id`, `pst_id`, `cus_id`, `pet_type`, `pet_sex`, `pet_cost`, `pet_price`, `pet_age`, `pet_color`, `pet_sale_date`, `pet_vaccine`, `pet_neuter`, `pet_notes`) VALUES (5, 5, 5, 'hamster', 'f', 100.00, 150.00, 4, 'brown', '2007-08-01', 'n', 'n', NULL);
INSERT INTO `wjd13`.`pet` (`pet_id`, `pst_id`, `cus_id`, `pet_type`, `pet_sex`, `pet_cost`, `pet_price`, `pet_age`, `pet_color`, `pet_sale_date`, `pet_vaccine`, `pet_neuter`, `pet_notes`) VALUES (6, 6, 6, 'lizard', 'm', 100.00, 150.00, 3, 'green', '2000-12-02', 'y', 'y', NULL);
INSERT INTO `wjd13`.`pet` (`pet_id`, `pst_id`, `cus_id`, `pet_type`, `pet_sex`, `pet_cost`, `pet_price`, `pet_age`, `pet_color`, `pet_sale_date`, `pet_vaccine`, `pet_neuter`, `pet_notes`) VALUES (7, 7, 7, 'cat', 'f', 200.00, 250.00, 2, 'black', '2015-11-11', 'y', 'n', NULL);
INSERT INTO `wjd13`.`pet` (`pet_id`, `pst_id`, `cus_id`, `pet_type`, `pet_sex`, `pet_cost`, `pet_price`, `pet_age`, `pet_color`, `pet_sale_date`, `pet_vaccine`, `pet_neuter`, `pet_notes`) VALUES (8, 8, 8, 'dog', 'f', 300.00, 350.00, 3, 'brown', '2016-02-03', 'y', 'y', NULL);
INSERT INTO `wjd13`.`pet` (`pet_id`, `pst_id`, `cus_id`, `pet_type`, `pet_sex`, `pet_cost`, `pet_price`, `pet_age`, `pet_color`, `pet_sale_date`, `pet_vaccine`, `pet_neuter`, `pet_notes`) VALUES (9, 9, 9, 'hamster', 'm', 400.00, 450.00, 1, 'grey', '2016-12-12', 'y', 'y', NULL);
INSERT INTO `wjd13`.`pet` (`pet_id`, `pst_id`, `cus_id`, `pet_type`, `pet_sex`, `pet_cost`, `pet_price`, `pet_age`, `pet_color`, `pet_sale_date`, `pet_vaccine`, `pet_neuter`, `pet_notes`) VALUES (10, 10, 10, 'rabbit', 'f', 500.00, 550.00, 1, 'black', '2012-10-10', 'n', 'y', NULL);

COMMIT;

